"date","hits","keyword","geo","time","gprop","category"
2021-09-19,26,"Inflation","CA","today+5-y","web",0
2021-09-26,26,"Inflation","CA","today+5-y","web",0
2021-10-03,29,"Inflation","CA","today+5-y","web",0
2021-10-10,38,"Inflation","CA","today+5-y","web",0
2021-10-17,54,"Inflation","CA","today+5-y","web",0
2021-10-24,43,"Inflation","CA","today+5-y","web",0
2021-10-31,36,"Inflation","CA","today+5-y","web",0
2021-11-07,49,"Inflation","CA","today+5-y","web",0
2021-11-14,48,"Inflation","CA","today+5-y","web",0
2021-11-21,40,"Inflation","CA","today+5-y","web",0
2021-11-28,38,"Inflation","CA","today+5-y","web",0
2021-12-05,48,"Inflation","CA","today+5-y","web",0
2021-12-12,48,"Inflation","CA","today+5-y","web",0
2021-12-19,29,"Inflation","CA","today+5-y","web",0
2021-12-26,24,"Inflation","CA","today+5-y","web",0
2022-01-02,35,"Inflation","CA","today+5-y","web",0
2022-01-09,50,"Inflation","CA","today+5-y","web",0
2022-01-16,62,"Inflation","CA","today+5-y","web",0
2022-01-23,65,"Inflation","CA","today+5-y","web",0
2022-01-30,43,"Inflation","CA","today+5-y","web",0
2022-02-06,62,"Inflation","CA","today+5-y","web",0
2022-02-13,64,"Inflation","CA","today+5-y","web",0
2022-02-20,49,"Inflation","CA","today+5-y","web",0
2022-02-27,53,"Inflation","CA","today+5-y","web",0
2022-03-06,61,"Inflation","CA","today+5-y","web",0
2022-03-13,60,"Inflation","CA","today+5-y","web",0
2022-03-20,65,"Inflation","CA","today+5-y","web",0
2022-03-27,52,"Inflation","CA","today+5-y","web",0
2022-04-03,51,"Inflation","CA","today+5-y","web",0
2022-04-10,64,"Inflation","CA","today+5-y","web",0
2022-04-17,70,"Inflation","CA","today+5-y","web",0
2022-04-24,48,"Inflation","CA","today+5-y","web",0
2022-05-01,52,"Inflation","CA","today+5-y","web",0
2022-05-08,67,"Inflation","CA","today+5-y","web",0
2022-05-15,64,"Inflation","CA","today+5-y","web",0
2022-05-22,46,"Inflation","CA","today+5-y","web",0
2022-05-29,60,"Inflation","CA","today+5-y","web",0
2022-06-05,79,"Inflation","CA","today+5-y","web",0
2022-06-12,85,"Inflation","CA","today+5-y","web",0
2022-06-19,100,"Inflation","CA","today+5-y","web",0
2022-06-26,52,"Inflation","CA","today+5-y","web",0
2022-07-03,56,"Inflation","CA","today+5-y","web",0
2022-07-10,86,"Inflation","CA","today+5-y","web",0
2022-07-17,70,"Inflation","CA","today+5-y","web",0
2022-07-24,55,"Inflation","CA","today+5-y","web",0
2022-07-31,49,"Inflation","CA","today+5-y","web",0
2022-08-07,76,"Inflation","CA","today+5-y","web",0
2022-08-14,60,"Inflation","CA","today+5-y","web",0
2022-08-21,50,"Inflation","CA","today+5-y","web",0
2022-08-28,47,"Inflation","CA","today+5-y","web",0
2022-09-04,54,"Inflation","CA","today+5-y","web",0
2022-09-11,76,"Inflation","CA","today+5-y","web",0
2022-09-18,72,"Inflation","CA","today+5-y","web",0
2022-09-25,57,"Inflation","CA","today+5-y","web",0
2022-10-02,59,"Inflation","CA","today+5-y","web",0
2022-10-09,70,"Inflation","CA","today+5-y","web",0
2022-10-16,75,"Inflation","CA","today+5-y","web",0
2022-10-23,67,"Inflation","CA","today+5-y","web",0
2022-10-30,69,"Inflation","CA","today+5-y","web",0
2022-11-06,67,"Inflation","CA","today+5-y","web",0
2022-11-13,69,"Inflation","CA","today+5-y","web",0
2022-11-20,57,"Inflation","CA","today+5-y","web",0
2022-11-27,62,"Inflation","CA","today+5-y","web",0
2022-12-04,74,"Inflation","CA","today+5-y","web",0
2022-12-11,65,"Inflation","CA","today+5-y","web",0
2022-12-18,57,"Inflation","CA","today+5-y","web",0
2022-12-25,40,"Inflation","CA","today+5-y","web",0
2023-01-01,50,"Inflation","CA","today+5-y","web",0
2023-01-08,72,"Inflation","CA","today+5-y","web",0
2023-01-15,71,"Inflation","CA","today+5-y","web",0
2023-01-22,69,"Inflation","CA","today+5-y","web",0
2023-01-29,61,"Inflation","CA","today+5-y","web",0
2023-02-05,60,"Inflation","CA","today+5-y","web",0
2023-02-12,60,"Inflation","CA","today+5-y","web",0
2023-02-19,63,"Inflation","CA","today+5-y","web",0
2023-02-26,51,"Inflation","CA","today+5-y","web",0
2023-03-05,57,"Inflation","CA","today+5-y","web",0
2023-03-12,55,"Inflation","CA","today+5-y","web",0
2023-03-19,65,"Inflation","CA","today+5-y","web",0
2023-03-26,54,"Inflation","CA","today+5-y","web",0
2023-04-02,46,"Inflation","CA","today+5-y","web",0
2023-04-09,60,"Inflation","CA","today+5-y","web",0
2023-04-16,59,"Inflation","CA","today+5-y","web",0
2023-04-23,44,"Inflation","CA","today+5-y","web",0
2023-04-30,42,"Inflation","CA","today+5-y","web",0
2023-05-07,48,"Inflation","CA","today+5-y","web",0
2023-05-14,57,"Inflation","CA","today+5-y","web",0
2023-05-21,38,"Inflation","CA","today+5-y","web",0
2023-05-28,42,"Inflation","CA","today+5-y","web",0
2023-06-04,49,"Inflation","CA","today+5-y","web",0
2023-06-11,51,"Inflation","CA","today+5-y","web",0
2023-06-18,50,"Inflation","CA","today+5-y","web",0
2023-06-25,60,"Inflation","CA","today+5-y","web",0
2023-07-02,45,"Inflation","CA","today+5-y","web",0
2023-07-09,68,"Inflation","CA","today+5-y","web",0
2023-07-16,63,"Inflation","CA","today+5-y","web",0
2023-07-23,44,"Inflation","CA","today+5-y","web",0
2023-07-30,42,"Inflation","CA","today+5-y","web",0
2023-08-06,51,"Inflation","CA","today+5-y","web",0
2023-08-13,72,"Inflation","CA","today+5-y","web",0
2023-08-20,39,"Inflation","CA","today+5-y","web",0
2023-08-27,42,"Inflation","CA","today+5-y","web",0
2023-09-03,44,"Inflation","CA","today+5-y","web",0
2023-09-10,51,"Inflation","CA","today+5-y","web",0
2023-09-17,69,"Inflation","CA","today+5-y","web",0
2023-09-24,44,"Inflation","CA","today+5-y","web",0
2023-10-01,48,"Inflation","CA","today+5-y","web",0
2023-10-08,48,"Inflation","CA","today+5-y","web",0
2023-10-15,66,"Inflation","CA","today+5-y","web",0
2023-10-22,47,"Inflation","CA","today+5-y","web",0
2023-10-29,46,"Inflation","CA","today+5-y","web",0
2023-11-05,47,"Inflation","CA","today+5-y","web",0
2023-11-12,53,"Inflation","CA","today+5-y","web",0
2023-11-19,58,"Inflation","CA","today+5-y","web",0
2023-11-26,51,"Inflation","CA","today+5-y","web",0
2023-12-03,50,"Inflation","CA","today+5-y","web",0
2023-12-10,50,"Inflation","CA","today+5-y","web",0
2023-12-17,55,"Inflation","CA","today+5-y","web",0
2023-12-24,32,"Inflation","CA","today+5-y","web",0
2023-12-31,37,"Inflation","CA","today+5-y","web",0
2024-01-07,50,"Inflation","CA","today+5-y","web",0
2024-01-14,66,"Inflation","CA","today+5-y","web",0
2024-01-21,47,"Inflation","CA","today+5-y","web",0
2024-01-28,46,"Inflation","CA","today+5-y","web",0
2024-02-04,42,"Inflation","CA","today+5-y","web",0
2024-02-11,53,"Inflation","CA","today+5-y","web",0
2024-02-18,60,"Inflation","CA","today+5-y","web",0
2024-02-25,48,"Inflation","CA","today+5-y","web",0
2024-03-03,46,"Inflation","CA","today+5-y","web",0
2024-03-10,48,"Inflation","CA","today+5-y","web",0
2024-03-17,65,"Inflation","CA","today+5-y","web",0
2024-03-24,42,"Inflation","CA","today+5-y","web",0
2024-03-31,43,"Inflation","CA","today+5-y","web",0
2024-04-07,56,"Inflation","CA","today+5-y","web",0
2024-04-14,57,"Inflation","CA","today+5-y","web",0
2024-04-21,37,"Inflation","CA","today+5-y","web",0
2024-04-28,37,"Inflation","CA","today+5-y","web",0
2024-05-05,36,"Inflation","CA","today+5-y","web",0
2024-05-12,43,"Inflation","CA","today+5-y","web",0
2024-05-19,65,"Inflation","CA","today+5-y","web",0
2024-05-26,36,"Inflation","CA","today+5-y","web",0
2024-06-02,36,"Inflation","CA","today+5-y","web",0
2024-06-09,38,"Inflation","CA","today+5-y","web",0
2024-06-16,33,"Inflation","CA","today+5-y","web",0
2024-06-23,47,"Inflation","CA","today+5-y","web",0
2024-06-30,30,"Inflation","CA","today+5-y","web",0
2024-07-07,39,"Inflation","CA","today+5-y","web",0
2024-07-14,44,"Inflation","CA","today+5-y","web",0
2024-07-21,34,"Inflation","CA","today+5-y","web",0
2024-07-28,28,"Inflation","CA","today+5-y","web",0
2024-08-04,27,"Inflation","CA","today+5-y","web",0
2024-08-11,41,"Inflation","CA","today+5-y","web",0
2024-08-18,47,"Inflation","CA","today+5-y","web",0
2024-08-25,29,"Inflation","CA","today+5-y","web",0
2024-09-01,29,"Inflation","CA","today+5-y","web",0
2024-09-08,40,"Inflation","CA","today+5-y","web",0
2024-09-15,49,"Inflation","CA","today+5-y","web",0
2024-09-22,36,"Inflation","CA","today+5-y","web",0
2024-09-29,34,"Inflation","CA","today+5-y","web",0
2024-10-06,37,"Inflation","CA","today+5-y","web",0
2024-10-13,51,"Inflation","CA","today+5-y","web",0
2024-10-20,36,"Inflation","CA","today+5-y","web",0
2024-10-27,34,"Inflation","CA","today+5-y","web",0
2024-11-03,39,"Inflation","CA","today+5-y","web",0
2024-11-10,41,"Inflation","CA","today+5-y","web",0
2024-11-17,49,"Inflation","CA","today+5-y","web",0
2024-11-24,38,"Inflation","CA","today+5-y","web",0
2024-12-01,35,"Inflation","CA","today+5-y","web",0
2024-12-08,40,"Inflation","CA","today+5-y","web",0
2024-12-15,42,"Inflation","CA","today+5-y","web",0
2024-12-22,25,"Inflation","CA","today+5-y","web",0
2024-12-29,27,"Inflation","CA","today+5-y","web",0
2025-01-05,34,"Inflation","CA","today+5-y","web",0
2025-01-12,43,"Inflation","CA","today+5-y","web",0
2025-01-19,43,"Inflation","CA","today+5-y","web",0
2025-01-26,39,"Inflation","CA","today+5-y","web",0
2025-02-02,34,"Inflation","CA","today+5-y","web",0
2025-02-09,42,"Inflation","CA","today+5-y","web",0
2025-02-16,40,"Inflation","CA","today+5-y","web",0
2025-02-23,36,"Inflation","CA","today+5-y","web",0
2025-03-02,37,"Inflation","CA","today+5-y","web",0
2025-03-09,40,"Inflation","CA","today+5-y","web",0
2025-03-16,42,"Inflation","CA","today+5-y","web",0
2025-03-23,34,"Inflation","CA","today+5-y","web",0
2025-03-30,40,"Inflation","CA","today+5-y","web",0
2025-04-06,38,"Inflation","CA","today+5-y","web",0
2025-04-13,38,"Inflation","CA","today+5-y","web",0
2025-04-20,29,"Inflation","CA","today+5-y","web",0
2025-04-27,26,"Inflation","CA","today+5-y","web",0
2025-05-04,26,"Inflation","CA","today+5-y","web",0
2025-05-11,33,"Inflation","CA","today+5-y","web",0
2025-05-18,38,"Inflation","CA","today+5-y","web",0
2025-05-25,30,"Inflation","CA","today+5-y","web",0
2025-06-01,25,"Inflation","CA","today+5-y","web",0
2025-06-08,28,"Inflation","CA","today+5-y","web",0
2025-06-15,27,"Inflation","CA","today+5-y","web",0
2025-06-22,28,"Inflation","CA","today+5-y","web",0
2025-06-29,25,"Inflation","CA","today+5-y","web",0
2025-07-06,26,"Inflation","CA","today+5-y","web",0
2025-07-13,38,"Inflation","CA","today+5-y","web",0
2025-07-20,27,"Inflation","CA","today+5-y","web",0
2025-07-27,29,"Inflation","CA","today+5-y","web",0
2025-08-03,29,"Inflation","CA","today+5-y","web",0
2025-08-10,37,"Inflation","CA","today+5-y","web",0
2025-08-17,35,"Inflation","CA","today+5-y","web",0
2025-08-24,28,"Inflation","CA","today+5-y","web",0
2025-08-31,24,"Inflation","CA","today+5-y","web",0
2025-09-07,36,"Inflation","CA","today+5-y","web",0
2025-09-14,39,"Inflation","CA","today+5-y","web",0
2025-09-21,61,"Inflation","CA","today+5-y","web",0
2025-09-28,28,"Inflation","CA","today+5-y","web",0
2025-10-05,29,"Inflation","CA","today+5-y","web",0
2025-10-12,27,"Inflation","CA","today+5-y","web",0
2025-10-19,38,"Inflation","CA","today+5-y","web",0
2025-10-26,37,"Inflation","CA","today+5-y","web",0
2025-11-02,46,"Inflation","CA","today+5-y","web",0
2025-11-09,50,"Inflation","CA","today+5-y","web",0
2025-11-16,55,"Inflation","CA","today+5-y","web",0
2025-11-23,52,"Inflation","CA","today+5-y","web",0
2025-11-30,60,"Inflation","CA","today+5-y","web",0
2025-12-07,58,"Inflation","CA","today+5-y","web",0
2025-12-14,58,"Inflation","CA","today+5-y","web",0
2025-12-21,42,"Inflation","CA","today+5-y","web",0
2025-12-28,39,"Inflation","CA","today+5-y","web",0
2026-01-04,49,"Inflation","CA","today+5-y","web",0
2026-01-11,56,"Inflation","CA","today+5-y","web",0
2026-01-18,69,"Inflation","CA","today+5-y","web",0
2026-01-25,59,"Inflation","CA","today+5-y","web",0
2026-02-01,61,"Inflation","CA","today+5-y","web",0
2026-02-08,50,"Inflation","CA","today+5-y","web",0
2026-02-15,56,"Inflation","CA","today+5-y","web",0
2026-02-22,56,"Inflation","CA","today+5-y","web",0
2026-03-01,49,"Inflation","CA","today+5-y","web",0
2026-03-08,57,"Inflation","CA","today+5-y","web",0
2026-03-15,63,"Inflation","CA","today+5-y","web",0
2026-03-22,65,"Inflation","CA","today+5-y","web",0
2026-03-29,57,"Inflation","CA","today+5-y","web",0
2026-04-05,56,"Inflation","CA","today+5-y","web",0
2026-04-12,52,"Inflation","CA","today+5-y","web",0
2026-04-19,46,"Inflation","CA","today+5-y","web",0
2026-04-26,43,"Inflation","CA","today+5-y","web",0
2026-05-03,36,"Inflation","CA","today+5-y","web",0
2026-05-10,49,"Inflation","CA","today+5-y","web",0
2026-05-17,54,"Inflation","CA","today+5-y","web",0
2026-05-24,44,"Inflation","CA","today+5-y","web",0
2026-05-31,48,"Inflation","CA","today+5-y","web",0
2026-06-07,53,"Inflation","CA","today+5-y","web",0
2026-06-14,44,"Inflation","CA","today+5-y","web",0
2026-06-21,73,"Inflation","CA","today+5-y","web",0
2026-06-28,41,"Inflation","CA","today+5-y","web",0
2026-07-05,41,"Inflation","CA","today+5-y","web",0
2026-07-12,39,"Inflation","CA","today+5-y","web",0
2026-07-19,31,"Inflation","CA","today+5-y","web",0
2026-07-26,28,"Inflation","CA","today+5-y","web",0
2026-08-02,27,"Inflation","CA","today+5-y","web",0
2026-08-09,38,"Inflation","CA","today+5-y","web",0
2026-08-16,36,"Inflation","CA","today+5-y","web",0
2026-08-23,32,"Inflation","CA","today+5-y","web",0
2026-08-30,31,"Inflation","CA","today+5-y","web",0
2026-09-06,34,"Inflation","CA","today+5-y","web",0
2026-09-13,40,"Inflation","CA","today+5-y","web",0
2026-09-20,31,"Inflation","CA","today+5-y","web",0
